Component Name,Licenses,Licenses Links,Package Type,Component Id,Package Id,Version,Concluded Licenses
3.24:alpine-baselayout,GPL-2.0,http://www.gnu.org/licenses/old-licenses/gpl-2.0-standalone.html,alpine,3.24:alpine-baselayout:3.7.2-r1,alpine://3.24:alpine-baselayout,3.7.2-r1,GPL-2.0
3.24:alpine-baselayout-data,GPL-2.0,http://www.gnu.org/licenses/old-licenses/gpl-2.0-standalone.html,alpine,3.24:alpine-baselayout-data:3.7.2-r1,alpine://3.24:alpine-baselayout-data,3.7.2-r1,GPL-2.0
3.24:alpine-keys,MIT,http://www.opensource.org/licenses/MIT,alpine,3.24:alpine-keys:2.6-r0,alpine://3.24:alpine-keys,2.6-r0,MIT
3.24:alpine-release,MIT,http://www.opensource.org/licenses/MIT,alpine,3.24:alpine-release:3.24.1-r0,alpine://3.24:alpine-release,3.24.1-r0,MIT
3.24:alsa-lib,LGPL-2.1,http://www.gnu.org/licenses/old-licenses/lgpl-2.1-standalone.html,alpine,3.24:alsa-lib:1.2.15.3-r0,alpine://3.24:alsa-lib,1.2.15.3-r0,LGPL-2.1
3.24:apk-tools,GPL-2.0,http://www.gnu.org/licenses/old-licenses/gpl-2.0-standalone.html,alpine,3.24:apk-tools:3.0.6-r0,alpine://3.24:apk-tools,3.0.6-r0,GPL-2.0
3.24:busybox,GPL-2.0,http://www.gnu.org/licenses/old-licenses/gpl-2.0-standalone.html,alpine,3.24:busybox:1.37.0-r31,alpine://3.24:busybox,1.37.0-r31,GPL-2.0
3.24:busybox-binsh,GPL-2.0,http://www.gnu.org/licenses/old-licenses/gpl-2.0-standalone.html,alpine,3.24:busybox-binsh:1.37.0-r31,alpine://3.24:busybox-binsh,1.37.0-r31,GPL-2.0
3.24:ca-certificates-bundle,"MIT,MPL-2.0","http://www.opensource.org/licenses/MIT,http://opensource.org/licenses/MPL-2.0",alpine,3.24:ca-certificates-bundle:20260611-r0,alpine://3.24:ca-certificates-bundle,20260611-r0,MIT
3.24:java-common,GPL-2.0,http://www.gnu.org/licenses/old-licenses/gpl-2.0-standalone.html,alpine,3.24:java-common:1.0-r2,alpine://3.24:java-common,1.0-r2,GPL-2.0
3.24:libapk,GPL-2.0,http://www.gnu.org/licenses/old-licenses/gpl-2.0-standalone.html,alpine,3.24:libapk:3.0.6-r0,alpine://3.24:libapk,3.0.6-r0,GPL-2.0
3.24:libbsd,BSD-3-Clause,http://opensource.org/licenses/BSD-3-Clause,alpine,3.24:libbsd:0.12.2-r0,alpine://3.24:libbsd,0.12.2-r0,BSD-3-Clause
3.24:libcrypto3,Apache-2.0,http://licenses.nuget.org/Apache-2.0,alpine,3.24:libcrypto3:3.5.7-r0,alpine://3.24:libcrypto3,3.5.7-r0,Apache-2.0
3.24:libmd,"Beerware,BSD-2-Clause,BSD-3-Clause,ISC,LicenseRef-jfrog-public-domain","https://fedoraproject.org/wiki/Licensing/Beerware,http://opensource.org/licenses/BSD-2-Clause,http://opensource.org/licenses/BSD-3-Clause,http://www.opensource.org/licenses/ISC,https://creativecommons.org/public-domain",alpine,3.24:libmd:1.2.0-r0,alpine://3.24:libmd,1.2.0-r0,LicenseRef-jfrog-public-domain
3.24:libssl3,Apache-2.0,http://licenses.nuget.org/Apache-2.0,alpine,3.24:libssl3:3.5.7-r0,alpine://3.24:libssl3,3.5.7-r0,Apache-2.0
3.24:libx11,X11,http://www.xfree86.org/3.3.6/COPYRIGHT2.html#3,alpine,3.24:libx11:1.8.13-r0,alpine://3.24:libx11,1.8.13-r0,X11
3.24:libxau,MIT,http://www.opensource.org/licenses/MIT,alpine,3.24:libxau:1.0.12-r0,alpine://3.24:libxau,1.0.12-r0,MIT
3.24:libxcb,MIT,http://www.opensource.org/licenses/MIT,alpine,3.24:libxcb:1.17.0-r2,alpine://3.24:libxcb,1.17.0-r2,MIT
3.24:libxdmcp,MIT,http://www.opensource.org/licenses/MIT,alpine,3.24:libxdmcp:1.1.5-r1,alpine://3.24:libxdmcp,1.1.5-r1,MIT
3.24:libxext,MIT,http://www.opensource.org/licenses/MIT,alpine,3.24:libxext:1.3.7-r0,alpine://3.24:libxext,1.3.7-r0,MIT
3.24:libxi,"MIT,X11","http://www.opensource.org/licenses/MIT,http://www.xfree86.org/3.3.6/COPYRIGHT2.html#3",alpine,3.24:libxi:1.8.3-r0,alpine://3.24:libxi,1.8.3-r0,"MIT,X11"
3.24:libxrender,MIT,http://www.opensource.org/licenses/MIT,alpine,3.24:libxrender:0.9.12-r0,alpine://3.24:libxrender,0.9.12-r0,MIT
3.24:libxtst,MIT,http://www.opensource.org/licenses/MIT,alpine,3.24:libxtst:1.2.5-r0,alpine://3.24:libxtst,1.2.5-r0,MIT
3.24:musl,MIT,http://www.opensource.org/licenses/MIT,alpine,3.24:musl:1.2.6-r2,alpine://3.24:musl,1.2.6-r2,MIT
3.24:musl-utils,"BSD-2-Clause,GPL-2.0,MIT","http://opensource.org/licenses/BSD-2-Clause,http://www.gnu.org/licenses/old-licenses/gpl-2.0-standalone.html,http://www.opensource.org/licenses/MIT",alpine,3.24:musl-utils:1.2.6-r2,alpine://3.24:musl-utils,1.2.6-r2,"BSD-2-Clause,MIT"
3.24:scanelf,GPL-2.0,http://www.gnu.org/licenses/old-licenses/gpl-2.0-standalone.html,alpine,3.24:scanelf:1.3.9-r1,alpine://3.24:scanelf,1.3.9-r1,GPL-2.0
3.24:ssl_client,GPL-2.0,http://www.gnu.org/licenses/old-licenses/gpl-2.0-standalone.html,alpine,3.24:ssl_client:1.37.0-r31,alpine://3.24:ssl_client,1.37.0-r31,GPL-2.0
3.24:tzdata,LicenseRef-jfrog-public-domain,https://creativecommons.org/public-domain,alpine,3.24:tzdata:2026c-r0,alpine://3.24:tzdata,2026c-r0,LicenseRef-jfrog-public-domain
3.24:zlib,Zlib,http://www.opensource.org/licenses/Zlib,alpine,3.24:zlib:1.3.2-r0,alpine://3.24:zlib,1.3.2-r0,Zlib
3.24:zulu21-ca-jdk,GPL-2.0-only,http://www.gnu.org/licenses/old-licenses/gpl-2.0-standalone.html,alpine,3.24:zulu21-ca-jdk:21.0.11-r3,alpine://3.24:zulu21-ca-jdk,21.0.11-r3,GPL-2.0-only
3.24:zulu21-ca-jdk-headless,GPL-2.0-only,http://www.gnu.org/licenses/old-licenses/gpl-2.0-standalone.html,alpine,3.24:zulu21-ca-jdk-headless:21.0.11-r3,alpine://3.24:zulu21-ca-jdk-headless,21.0.11-r3,GPL-2.0-only
3.24:zulu21-ca-jre,GPL-2.0-only,http://www.gnu.org/licenses/old-licenses/gpl-2.0-standalone.html,alpine,3.24:zulu21-ca-jre:21.0.11-r3,alpine://3.24:zulu21-ca-jre,21.0.11-r3,GPL-2.0-only
3.24:zulu21-ca-jre-headless,GPL-2.0-only,http://www.gnu.org/licenses/old-licenses/gpl-2.0-standalone.html,alpine,3.24:zulu21-ca-jre-headless:21.0.11-r3,alpine://3.24:zulu21-ca-jre-headless,21.0.11-r3,GPL-2.0-only
3.24:zulu21-jdk,GPL-2.0-only,http://www.gnu.org/licenses/old-licenses/gpl-2.0-standalone.html,alpine,3.24:zulu21-jdk:21.0.11-r3,alpine://3.24:zulu21-jdk,21.0.11-r3,GPL-2.0-only
3.24:zulu21-jdk-headless,GPL-2.0-only,http://www.gnu.org/licenses/old-licenses/gpl-2.0-standalone.html,alpine,3.24:zulu21-jdk-headless:21.0.11-r3,alpine://3.24:zulu21-jdk-headless,21.0.11-r3,GPL-2.0-only
3.24:zulu21-jre,GPL-2.0-only,http://www.gnu.org/licenses/old-licenses/gpl-2.0-standalone.html,alpine,3.24:zulu21-jre:21.0.11-r3,alpine://3.24:zulu21-jre,21.0.11-r3,GPL-2.0-only
3.24:zulu21-jre-headless,GPL-2.0-only,http://www.gnu.org/licenses/old-licenses/gpl-2.0-standalone.html,alpine,3.24:zulu21-jre-headless:21.0.11-r3,alpine://3.24:zulu21-jre-headless,21.0.11-r3,GPL-2.0-only
ch.qos.logback:logback-classic,"EPL-2.0,LGPL-2.1","https://spdx.org/licenses/EPL-2.0,http://www.gnu.org/licenses/old-licenses/lgpl-2.1-standalone.html",maven,ch.qos.logback:logback-classic:1.5.34,gav://ch.qos.logback:logback-classic,1.5.34,"EPL-2.0,LGPL-2.1"
ch.qos.logback:logback-core,"EPL-2.0,LGPL-2.1","https://spdx.org/licenses/EPL-2.0,http://www.gnu.org/licenses/old-licenses/lgpl-2.1-standalone.html",maven,ch.qos.logback:logback-core:1.5.34,gav://ch.qos.logback:logback-core,1.5.34,"EPL-2.0,LGPL-2.1"
com.fasterxml.jackson.core:jackson-annotations,Apache-2.0,http://licenses.nuget.org/Apache-2.0,maven,com.fasterxml.jackson.core:jackson-annotations:2.21,gav://com.fasterxml.jackson.core:jackson-annotations,2.21,Apache-2.0
com.fasterxml.jackson.core:jackson-core,Apache-2.0,http://licenses.nuget.org/Apache-2.0,maven,com.fasterxml.jackson.core:jackson-core:2.21.4,gav://com.fasterxml.jackson.core:jackson-core,2.21.4,Apache-2.0
com.fasterxml.jackson.core:jackson-databind,Apache-2.0,http://licenses.nuget.org/Apache-2.0,maven,com.fasterxml.jackson.core:jackson-databind:2.21.4,gav://com.fasterxml.jackson.core:jackson-databind,2.21.4,Apache-2.0
com.fasterxml.jackson.datatype:jackson-datatype-jsr310,Apache-2.0,http://licenses.nuget.org/Apache-2.0,maven,com.fasterxml.jackson.datatype:jackson-datatype-jsr310:2.21.4,gav://com.fasterxml.jackson.datatype:jackson-datatype-jsr310,2.21.4,Apache-2.0
com.fasterxml:classmate,Apache-2.0,http://licenses.nuget.org/Apache-2.0,maven,com.fasterxml:classmate:1.7.3,gav://com.fasterxml:classmate,1.7.3,Apache-2.0
com.github.stephenc.jcip:jcip-annotations,Apache-2.0,http://licenses.nuget.org/Apache-2.0,maven,com.github.stephenc.jcip:jcip-annotations:1.0-1,gav://com.github.stephenc.jcip:jcip-annotations,1.0-1,Apache-2.0
com.google.code.findbugs:jsr305,"Apache-2.0,LGPL-2.1","http://licenses.nuget.org/Apache-2.0,http://www.gnu.org/licenses/old-licenses/lgpl-2.1-standalone.html",maven,com.google.code.findbugs:jsr305:3.0.2,gav://com.google.code.findbugs:jsr305,3.0.2,Apache-2.0
com.google.code.gson:gson,Apache-2.0,http://licenses.nuget.org/Apache-2.0,maven,com.google.code.gson:gson:2.12.1,gav://com.google.code.gson:gson,2.12.1,Apache-2.0
com.google.errorprone:error_prone_annotations,Apache-2.0,http://licenses.nuget.org/Apache-2.0,maven,com.google.errorprone:error_prone_annotations:2.41.0,gav://com.google.errorprone:error_prone_annotations,2.41.0,Apache-2.0
com.google.guava:failureaccess,Apache-2.0,http://licenses.nuget.org/Apache-2.0,maven,com.google.guava:failureaccess:1.0.3,gav://com.google.guava:failureaccess,1.0.3,Apache-2.0
com.google.guava:guava,Apache-2.0,http://licenses.nuget.org/Apache-2.0,maven,com.google.guava:guava:33.5.0-jre,gav://com.google.guava:guava,33.5.0-jre,Apache-2.0
com.google.guava:listenablefuture,Apache-2.0,http://licenses.nuget.org/Apache-2.0,maven,com.google.guava:listenablefuture:9999.0-empty-to-avoid-conflict-with-guava,gav://com.google.guava:listenablefuture,9999.0-empty-to-avoid-conflict-with-guava,Apache-2.0
com.google.j2objc:j2objc-annotations,Apache-2.0,http://licenses.nuget.org/Apache-2.0,maven,com.google.j2objc:j2objc-annotations:3.1,gav://com.google.j2objc:j2objc-annotations,3.1,Apache-2.0
com.googlecode.javaewah:JavaEWAH,Apache-2.0,http://licenses.nuget.org/Apache-2.0,maven,com.googlecode.javaewah:JavaEWAH:1.2.3,gav://com.googlecode.javaewah:JavaEWAH,1.2.3,Apache-2.0
com.h2database:h2,"EPL-1.0,MPL-2.0","http://www.eclipse.org/legal/epl-v10.html,http://opensource.org/licenses/MPL-2.0",maven,com.h2database:h2:2.4.240,gav://com.h2database:h2,2.4.240,"EPL-1.0,MPL-2.0"
com.nimbusds:nimbus-jose-jwt,Apache-2.0,http://licenses.nuget.org/Apache-2.0,maven,com.nimbusds:nimbus-jose-jwt:10.4,gav://com.nimbusds:nimbus-jose-jwt,10.4,Apache-2.0
com.sun.istack:istack-commons-runtime,BSD-3-Clause,http://opensource.org/licenses/BSD-3-Clause,maven,com.sun.istack:istack-commons-runtime:4.1.2,gav://com.sun.istack:istack-commons-runtime,4.1.2,BSD-3-Clause
com.sun.xml.messaging.saaj:saaj-impl,BSD-3-Clause,http://opensource.org/licenses/BSD-3-Clause,maven,com.sun.xml.messaging.saaj:saaj-impl:3.0.6,gav://com.sun.xml.messaging.saaj:saaj-impl,3.0.6,BSD-3-Clause
com.zaxxer:HikariCP,Apache-2.0,http://licenses.nuget.org/Apache-2.0,maven,com.zaxxer:HikariCP:7.0.2,gav://com.zaxxer:HikariCP,7.0.2,Apache-2.0
commons-beanutils:commons-beanutils,Apache-2.0,http://licenses.nuget.org/Apache-2.0,maven,commons-beanutils:commons-beanutils:1.11.0,gav://commons-beanutils:commons-beanutils,1.11.0,Apache-2.0
commons-codec:commons-codec,Apache-2.0,http://licenses.nuget.org/Apache-2.0,maven,commons-codec:commons-codec:1.19.0,gav://commons-codec:commons-codec,1.19.0,Apache-2.0
commons-collections:commons-collections,Apache-2.0,http://licenses.nuget.org/Apache-2.0,maven,commons-collections:commons-collections:3.2.2,gav://commons-collections:commons-collections,3.2.2,Apache-2.0
commons-io:commons-io,Apache-2.0,http://licenses.nuget.org/Apache-2.0,maven,commons-io:commons-io:2.22.0,gav://commons-io:commons-io,2.22.0,Apache-2.0
commons-logging:commons-logging,Apache-2.0,http://licenses.nuget.org/Apache-2.0,maven,commons-logging:commons-logging:1.3.6,gav://commons-logging:commons-logging,1.3.6,Apache-2.0
io.dropwizard.metrics:metrics-core,Apache-2.0,http://licenses.nuget.org/Apache-2.0,maven,io.dropwizard.metrics:metrics-core:4.2.26,gav://io.dropwizard.metrics:metrics-core,4.2.26,Apache-2.0
io.dropwizard.metrics:metrics-json,Apache-2.0,http://licenses.nuget.org/Apache-2.0,maven,io.dropwizard.metrics:metrics-json:4.2.26,gav://io.dropwizard.metrics:metrics-json,4.2.26,Apache-2.0
io.micrometer:micrometer-commons,Apache-2.0,http://licenses.nuget.org/Apache-2.0,maven,io.micrometer:micrometer-commons:1.16.6,gav://io.micrometer:micrometer-commons,1.16.6,Apache-2.0
io.micrometer:micrometer-core,Apache-2.0,http://licenses.nuget.org/Apache-2.0,maven,io.micrometer:micrometer-core:1.16.6,gav://io.micrometer:micrometer-core,1.16.6,Apache-2.0
io.micrometer:micrometer-jakarta9,Apache-2.0,http://licenses.nuget.org/Apache-2.0,maven,io.micrometer:micrometer-jakarta9:1.16.6,gav://io.micrometer:micrometer-jakarta9,1.16.6,Apache-2.0
io.micrometer:micrometer-observation,Apache-2.0,http://licenses.nuget.org/Apache-2.0,maven,io.micrometer:micrometer-observation:1.16.6,gav://io.micrometer:micrometer-observation,1.16.6,Apache-2.0
io.micrometer:micrometer-registry-prometheus,Apache-2.0,http://licenses.nuget.org/Apache-2.0,maven,io.micrometer:micrometer-registry-prometheus:1.16.5,gav://io.micrometer:micrometer-registry-prometheus,1.16.5,Apache-2.0
io.prometheus:prometheus-metrics-config,Apache-2.0,http://licenses.nuget.org/Apache-2.0,maven,io.prometheus:prometheus-metrics-config:1.4.3,gav://io.prometheus:prometheus-metrics-config,1.4.3,Apache-2.0
io.prometheus:prometheus-metrics-core,Apache-2.0,http://licenses.nuget.org/Apache-2.0,maven,io.prometheus:prometheus-metrics-core:1.4.3,gav://io.prometheus:prometheus-metrics-core,1.4.3,Apache-2.0
io.prometheus:prometheus-metrics-exposition-formats,Apache-2.0,http://licenses.nuget.org/Apache-2.0,maven,io.prometheus:prometheus-metrics-exposition-formats:1.4.3,gav://io.prometheus:prometheus-metrics-exposition-formats,1.4.3,Apache-2.0
io.prometheus:prometheus-metrics-exposition-textformats,Apache-2.0,http://licenses.nuget.org/Apache-2.0,maven,io.prometheus:prometheus-metrics-exposition-textformats:1.4.3,gav://io.prometheus:prometheus-metrics-exposition-textformats,1.4.3,Apache-2.0
io.prometheus:prometheus-metrics-model,Apache-2.0,http://licenses.nuget.org/Apache-2.0,maven,io.prometheus:prometheus-metrics-model:1.4.3,gav://io.prometheus:prometheus-metrics-model,1.4.3,Apache-2.0
io.prometheus:prometheus-metrics-tracer-common,Apache-2.0,http://licenses.nuget.org/Apache-2.0,maven,io.prometheus:prometheus-metrics-tracer-common:1.4.3,gav://io.prometheus:prometheus-metrics-tracer-common,1.4.3,Apache-2.0
jakarta.activation:jakarta.activation-api,BSD-3-Clause,http://opensource.org/licenses/BSD-3-Clause,maven,jakarta.activation:jakarta.activation-api:2.1.4,gav://jakarta.activation:jakarta.activation-api,2.1.4,BSD-3-Clause
jakarta.annotation:jakarta.annotation-api,"Classpath-exception-2.0,EPL-2.0,GPL-2.0","https://spdx.org/licenses/EPL-2.0,http://www.gnu.org/licenses/old-licenses/gpl-2.0-standalone.html",maven,jakarta.annotation:jakarta.annotation-api:3.0.0,gav://jakarta.annotation:jakarta.annotation-api,3.0.0,EPL-2.0
jakarta.inject:jakarta.inject-api,Apache-2.0,http://licenses.nuget.org/Apache-2.0,maven,jakarta.inject:jakarta.inject-api:2.0.1,gav://jakarta.inject:jakarta.inject-api,2.0.1,Apache-2.0
jakarta.mail:jakarta.mail-api,"BSD-3-Clause,EPL-1.0,EPL-2.0,GPL-2.0","http://opensource.org/licenses/BSD-3-Clause,http://www.eclipse.org/legal/epl-v10.html,https://spdx.org/licenses/EPL-2.0,http://www.gnu.org/licenses/old-licenses/gpl-2.0-standalone.html",maven,jakarta.mail:jakarta.mail-api:2.1.5,gav://jakarta.mail:jakarta.mail-api,2.1.5,BSD-3-Clause
jakarta.persistence:jakarta.persistence-api,"BSD-3-Clause,EPL-2.0","http://opensource.org/licenses/BSD-3-Clause,https://spdx.org/licenses/EPL-2.0",maven,jakarta.persistence:jakarta.persistence-api:3.2.0,gav://jakarta.persistence:jakarta.persistence-api,3.2.0,BSD-3-Clause
jakarta.transaction:jakarta.transaction-api,"Classpath-exception-2.0,EPL-2.0,GPL-2.0","https://spdx.org/licenses/EPL-2.0,http://www.gnu.org/licenses/old-licenses/gpl-2.0-standalone.html",maven,jakarta.transaction:jakarta.transaction-api:2.0.1,gav://jakarta.transaction:jakarta.transaction-api,2.0.1,EPL-2.0
jakarta.xml.bind:jakarta.xml.bind-api,BSD-3-Clause,http://opensource.org/licenses/BSD-3-Clause,maven,jakarta.xml.bind:jakarta.xml.bind-api:4.0.5,gav://jakarta.xml.bind:jakarta.xml.bind-api,4.0.5,BSD-3-Clause
jakarta.xml.soap:jakarta.xml.soap-api,BSD-3-Clause,http://opensource.org/licenses/BSD-3-Clause,maven,jakarta.xml.soap:jakarta.xml.soap-api:3.0.2,gav://jakarta.xml.soap:jakarta.xml.soap-api,3.0.2,BSD-3-Clause
jakarta.xml.ws:jakarta.xml.ws-api,BSD-3-Clause,http://opensource.org/licenses/BSD-3-Clause,maven,jakarta.xml.ws:jakarta.xml.ws-api:4.0.3,gav://jakarta.xml.ws:jakarta.xml.ws-api,4.0.3,BSD-3-Clause
javax.cache:cache-api,Apache-2.0,http://licenses.nuget.org/Apache-2.0,maven,javax.cache:cache-api:1.1.1,gav://javax.cache:cache-api,1.1.1,Apache-2.0
jrt-fs.jar,Unknown,,generic,jrt-fs.jar,generic://sha256:40a4f77b804da7339a88a1db8ae314ce627e57a03d9255410d1c6743072e55da/jrt-fs.jar,,Unknown
net.bytebuddy:byte-buddy,"Apache-2.0,BSD-3-Clause","http://licenses.nuget.org/Apache-2.0,http://opensource.org/licenses/BSD-3-Clause",maven,net.bytebuddy:byte-buddy:1.17.8,gav://net.bytebuddy:byte-buddy,1.17.8,"Apache-2.0,BSD-3-Clause"
net.shibboleth.utilities:java-support,Apache-2.0,http://licenses.nuget.org/Apache-2.0,maven,net.shibboleth.utilities:java-support:8.4.2,gav://net.shibboleth.utilities:java-support,8.4.2,Apache-2.0
net.shibboleth:shib-networking,Apache-2.0,http://licenses.nuget.org/Apache-2.0,maven,net.shibboleth:shib-networking:9.1.6,gav://net.shibboleth:shib-networking,9.1.6,Apache-2.0
net.shibboleth:shib-security,Apache-2.0,http://licenses.nuget.org/Apache-2.0,maven,net.shibboleth:shib-security:9.1.6,gav://net.shibboleth:shib-security,9.1.6,Apache-2.0
net.shibboleth:shib-support,Apache-2.0,http://licenses.nuget.org/Apache-2.0,maven,net.shibboleth:shib-support:9.1.6,gav://net.shibboleth:shib-support,9.1.6,Apache-2.0
net.shibboleth:shib-velocity,Apache-2.0,http://licenses.nuget.org/Apache-2.0,maven,net.shibboleth:shib-velocity:9.1.6,gav://net.shibboleth:shib-velocity,9.1.6,Apache-2.0
org.antlr:antlr4-runtime,"ANTLR-PD,BSD-3-Clause","http://www.antlr2.org/license.html,http://opensource.org/licenses/BSD-3-Clause",maven,org.antlr:antlr4-runtime:4.13.2,gav://org.antlr:antlr4-runtime,4.13.2,"ANTLR-PD,BSD-3-Clause"
org.apache.commons:commons-lang3,Apache-2.0,http://licenses.nuget.org/Apache-2.0,maven,org.apache.commons:commons-lang3:3.20.0,gav://org.apache.commons:commons-lang3,3.20.0,Apache-2.0
org.apache.commons:commons-text,Apache-2.0,http://licenses.nuget.org/Apache-2.0,maven,org.apache.commons:commons-text:1.15.0,gav://org.apache.commons:commons-text,1.15.0,Apache-2.0
org.apache.groovy:groovy,Apache-2.0,http://licenses.nuget.org/Apache-2.0,maven,org.apache.groovy:groovy:4.0.32,gav://org.apache.groovy:groovy,4.0.32,Apache-2.0
org.apache.groovy:groovy-jsr223,Apache-2.0,http://licenses.nuget.org/Apache-2.0,maven,org.apache.groovy:groovy-jsr223:4.0.32,gav://org.apache.groovy:groovy-jsr223,4.0.32,Apache-2.0
org.apache.httpcomponents.client5:httpclient5,Apache-2.0,http://licenses.nuget.org/Apache-2.0,maven,org.apache.httpcomponents.client5:httpclient5:5.5.2,gav://org.apache.httpcomponents.client5:httpclient5,5.5.2,Apache-2.0
org.apache.httpcomponents.client5:httpclient5-cache,Apache-2.0,http://licenses.nuget.org/Apache-2.0,maven,org.apache.httpcomponents.client5:httpclient5-cache:5.5.2,gav://org.apache.httpcomponents.client5:httpclient5-cache,5.5.2,Apache-2.0
org.apache.httpcomponents.core5:httpcore5,Apache-2.0,http://licenses.nuget.org/Apache-2.0,maven,org.apache.httpcomponents.core5:httpcore5:5.4.3,gav://org.apache.httpcomponents.core5:httpcore5,5.4.3,Apache-2.0
org.apache.httpcomponents.core5:httpcore5-h2,Apache-2.0,http://licenses.nuget.org/Apache-2.0,maven,org.apache.httpcomponents.core5:httpcore5-h2:5.4.3,gav://org.apache.httpcomponents.core5:httpcore5-h2,5.4.3,Apache-2.0
org.apache.logging.log4j:log4j-api,Apache-2.0,http://licenses.nuget.org/Apache-2.0,maven,org.apache.logging.log4j:log4j-api:2.25.4,gav://org.apache.logging.log4j:log4j-api,2.25.4,Apache-2.0
org.apache.logging.log4j:log4j-to-slf4j,Apache-2.0,http://licenses.nuget.org/Apache-2.0,maven,org.apache.logging.log4j:log4j-to-slf4j:2.25.4,gav://org.apache.logging.log4j:log4j-to-slf4j,2.25.4,Apache-2.0
org.apache.santuario:xmlsec,Apache-2.0,http://licenses.nuget.org/Apache-2.0,maven,org.apache.santuario:xmlsec:4.0.4,gav://org.apache.santuario:xmlsec,4.0.4,Apache-2.0
org.apache.sshd:sshd-osgi,Apache-2.0,http://licenses.nuget.org/Apache-2.0,maven,org.apache.sshd:sshd-osgi:2.17.1,gav://org.apache.sshd:sshd-osgi,2.17.1,Apache-2.0
org.apache.sshd:sshd-sftp,Apache-2.0,http://licenses.nuget.org/Apache-2.0,maven,org.apache.sshd:sshd-sftp:2.17.1,gav://org.apache.sshd:sshd-sftp,2.17.1,Apache-2.0
org.apache.tomcat.embed:tomcat-embed-core,"Apache-2.0,CDDL-1.0,EPL-2.0","http://licenses.nuget.org/Apache-2.0,http://www.opensource.org/licenses/cddl1,https://spdx.org/licenses/EPL-2.0",maven,org.apache.tomcat.embed:tomcat-embed-core:11.0.23,gav://org.apache.tomcat.embed:tomcat-embed-core,11.0.23,Apache-2.0
org.apache.tomcat.embed:tomcat-embed-el,Apache-2.0,http://licenses.nuget.org/Apache-2.0,maven,org.apache.tomcat.embed:tomcat-embed-el:11.0.23,gav://org.apache.tomcat.embed:tomcat-embed-el,11.0.23,Apache-2.0
org.apache.tomcat.embed:tomcat-embed-websocket,Apache-2.0,http://licenses.nuget.org/Apache-2.0,maven,org.apache.tomcat.embed:tomcat-embed-websocket:11.0.23,gav://org.apache.tomcat.embed:tomcat-embed-websocket,11.0.23,Apache-2.0
org.apache.tomcat:tomcat-annotations-api,Apache-2.0,http://licenses.nuget.org/Apache-2.0,maven,org.apache.tomcat:tomcat-annotations-api:11.0.22,gav://org.apache.tomcat:tomcat-annotations-api,11.0.22,Apache-2.0
org.apache.velocity:velocity-engine-core,Apache-2.0,http://licenses.nuget.org/Apache-2.0,maven,org.apache.velocity:velocity-engine-core:2.4.1,gav://org.apache.velocity:velocity-engine-core,2.4.1,Apache-2.0
org.apache.wss4j:wss4j-ws-security-common,Apache-2.0,http://licenses.nuget.org/Apache-2.0,maven,org.apache.wss4j:wss4j-ws-security-common:3.0.5,gav://org.apache.wss4j:wss4j-ws-security-common,3.0.5,Apache-2.0
org.apache.wss4j:wss4j-ws-security-dom,Apache-2.0,http://licenses.nuget.org/Apache-2.0,maven,org.apache.wss4j:wss4j-ws-security-dom:3.0.5,gav://org.apache.wss4j:wss4j-ws-security-dom,3.0.5,Apache-2.0
org.aspectj:aspectjweaver,"EPL-1.0,EPL-2.0","http://www.eclipse.org/legal/epl-v10.html,https://spdx.org/licenses/EPL-2.0",maven,org.aspectj:aspectjweaver:1.9.25.1,gav://org.aspectj:aspectjweaver,1.9.25.1,"EPL-1.0,EPL-2.0"
org.bouncycastle:bcpkix-jdk18on,MIT,http://www.opensource.org/licenses/MIT,maven,org.bouncycastle:bcpkix-jdk18on:1.84,gav://org.bouncycastle:bcpkix-jdk18on,1.84,MIT
org.bouncycastle:bcprov-jdk18on,MIT,http://www.opensource.org/licenses/MIT,maven,org.bouncycastle:bcprov-jdk18on:1.84,gav://org.bouncycastle:bcprov-jdk18on,1.84,MIT
org.bouncycastle:bcutil-jdk18on,MIT,http://www.opensource.org/licenses/MIT,maven,org.bouncycastle:bcutil-jdk18on:1.84,gav://org.bouncycastle:bcutil-jdk18on,1.84,MIT
org.cryptacular:cryptacular,"Apache-2.0,LGPL-2.1,LGPL-3.0","http://licenses.nuget.org/Apache-2.0,http://www.gnu.org/licenses/old-licenses/lgpl-2.1-standalone.html,http://www.gnu.org/licenses/lgpl-3.0-standalone.html",maven,org.cryptacular:cryptacular:1.2.6,gav://org.cryptacular:cryptacular,1.2.6,Apache-2.0
org.eclipse.angus:angus-activation,BSD-3-Clause,http://opensource.org/licenses/BSD-3-Clause,maven,org.eclipse.angus:angus-activation:2.0.3,gav://org.eclipse.angus:angus-activation,2.0.3,BSD-3-Clause
org.eclipse.jgit:org.eclipse.jgit,BSD-3-Clause,http://opensource.org/licenses/BSD-3-Clause,maven,org.eclipse.jgit:org.eclipse.jgit:7.6.0.202603022253-r,gav://org.eclipse.jgit:org.eclipse.jgit,7.6.0.202603022253-r,BSD-3-Clause
org.eclipse.jgit:org.eclipse.jgit.ssh.apache,BSD-3-Clause,http://opensource.org/licenses/BSD-3-Clause,maven,org.eclipse.jgit:org.eclipse.jgit.ssh.apache:7.6.0.202603022253-r,gav://org.eclipse.jgit:org.eclipse.jgit.ssh.apache,7.6.0.202603022253-r,BSD-3-Clause
org.ehcache.modules:ehcache-107,Apache-2.0,http://licenses.nuget.org/Apache-2.0,maven,org.ehcache.modules:ehcache-107:3.11.1,gav://org.ehcache.modules:ehcache-107,3.11.1,Apache-2.0
org.ehcache.modules:ehcache-api,Apache-2.0,http://licenses.nuget.org/Apache-2.0,maven,org.ehcache.modules:ehcache-api:3.11.1,gav://org.ehcache.modules:ehcache-api,3.11.1,Apache-2.0
org.ehcache.modules:ehcache-core,Apache-2.0,http://licenses.nuget.org/Apache-2.0,maven,org.ehcache.modules:ehcache-core:3.11.1,gav://org.ehcache.modules:ehcache-core,3.11.1,Apache-2.0
org.ehcache.modules:ehcache-impl,Apache-2.0,http://licenses.nuget.org/Apache-2.0,maven,org.ehcache.modules:ehcache-impl:3.11.1,gav://org.ehcache.modules:ehcache-impl,3.11.1,Apache-2.0
org.ehcache.modules:ehcache-xml,Apache-2.0,http://licenses.nuget.org/Apache-2.0,maven,org.ehcache.modules:ehcache-xml:3.11.1,gav://org.ehcache.modules:ehcache-xml,3.11.1,Apache-2.0
org.ehcache.modules:ehcache-xml-spi,Apache-2.0,http://licenses.nuget.org/Apache-2.0,maven,org.ehcache.modules:ehcache-xml-spi:3.11.1,gav://org.ehcache.modules:ehcache-xml-spi,3.11.1,Apache-2.0
org.ehcache:ehcache,Apache-2.0,http://licenses.nuget.org/Apache-2.0,maven,org.ehcache:ehcache:3.11.1,gav://org.ehcache:ehcache,3.11.1,Apache-2.0
org.ehcache:sizeof,Apache-2.0,http://licenses.nuget.org/Apache-2.0,maven,org.ehcache:sizeof:0.4.4,gav://org.ehcache:sizeof,0.4.4,Apache-2.0
org.flywaydb:flyway-core,Apache-2.0,http://licenses.nuget.org/Apache-2.0,maven,org.flywaydb:flyway-core:11.14.1,gav://org.flywaydb:flyway-core,11.14.1,Apache-2.0
org.flywaydb:flyway-database-postgresql,Apache-2.0,http://licenses.nuget.org/Apache-2.0,maven,org.flywaydb:flyway-database-postgresql:11.14.1,gav://org.flywaydb:flyway-database-postgresql,11.14.1,Apache-2.0
org.flywaydb:flyway-mysql,Apache-2.0,http://licenses.nuget.org/Apache-2.0,maven,org.flywaydb:flyway-mysql:11.14.1,gav://org.flywaydb:flyway-mysql,11.14.1,Apache-2.0
org.glassfish.jaxb:jaxb-core,BSD-3-Clause,http://opensource.org/licenses/BSD-3-Clause,maven,org.glassfish.jaxb:jaxb-core:4.0.9,gav://org.glassfish.jaxb:jaxb-core,4.0.9,BSD-3-Clause
org.glassfish.jaxb:jaxb-runtime,BSD-3-Clause,http://opensource.org/licenses/BSD-3-Clause,maven,org.glassfish.jaxb:jaxb-runtime:4.0.6,gav://org.glassfish.jaxb:jaxb-runtime,4.0.6,BSD-3-Clause
org.glassfish.jaxb:txw2,BSD-3-Clause,http://opensource.org/licenses/BSD-3-Clause,maven,org.glassfish.jaxb:txw2:4.0.9,gav://org.glassfish.jaxb:txw2,4.0.9,BSD-3-Clause
org.hdrhistogram:HdrHistogram,"BSD-2-Clause,CC0-1.0","http://opensource.org/licenses/BSD-2-Clause,http://creativecommons.org/publicdomain/zero/1.0/",maven,org.hdrhistogram:HdrHistogram:2.2.2,gav://org.hdrhistogram:HdrHistogram,2.2.2,CC0-1.0
org.hibernate.models:hibernate-models,Apache-2.0,http://licenses.nuget.org/Apache-2.0,maven,org.hibernate.models:hibernate-models:1.0.1,gav://org.hibernate.models:hibernate-models,1.0.1,Apache-2.0
org.hibernate.orm:hibernate-core,Apache-2.0,http://licenses.nuget.org/Apache-2.0,maven,org.hibernate.orm:hibernate-core:7.2.19.Final,gav://org.hibernate.orm:hibernate-core,7.2.19.Final,Apache-2.0
org.jasypt:jasypt,Apache-2.0,http://licenses.nuget.org/Apache-2.0,maven,org.jasypt:jasypt:1.9.3,gav://org.jasypt:jasypt,1.9.3,Apache-2.0
org.jboss.logging:jboss-logging,Apache-2.0,http://licenses.nuget.org/Apache-2.0,maven,org.jboss.logging:jboss-logging:3.6.3.Final,gav://org.jboss.logging:jboss-logging,3.6.3.Final,Apache-2.0
org.jspecify:jspecify,Apache-2.0,http://licenses.nuget.org/Apache-2.0,maven,org.jspecify:jspecify:1.0.0,gav://org.jspecify:jspecify,1.0.0,Apache-2.0
org.jvnet.staxex:stax-ex,BSD-3-Clause,http://opensource.org/licenses/BSD-3-Clause,maven,org.jvnet.staxex:stax-ex:2.1.0,gav://org.jvnet.staxex:stax-ex,2.1.0,BSD-3-Clause
org.latencyutils:LatencyUtils,CC0-1.0,http://creativecommons.org/publicdomain/zero/1.0/,maven,org.latencyutils:LatencyUtils:2.0.3,gav://org.latencyutils:LatencyUtils,2.0.3,CC0-1.0
org.mariadb.jdbc:mariadb-java-client,LGPL-2.1,http://www.gnu.org/licenses/old-licenses/lgpl-2.1-standalone.html,maven,org.mariadb.jdbc:mariadb-java-client:3.5.8,gav://org.mariadb.jdbc:mariadb-java-client,3.5.8,LGPL-2.1
org.opensaml:opensaml-core-api,Apache-2.0,http://licenses.nuget.org/Apache-2.0,maven,org.opensaml:opensaml-core-api:5.1.6,gav://org.opensaml:opensaml-core-api,5.1.6,Apache-2.0
org.opensaml:opensaml-core-impl,Apache-2.0,http://licenses.nuget.org/Apache-2.0,maven,org.opensaml:opensaml-core-impl:5.1.6,gav://org.opensaml:opensaml-core-impl,5.1.6,Apache-2.0
org.opensaml:opensaml-messaging-api,Apache-2.0,http://licenses.nuget.org/Apache-2.0,maven,org.opensaml:opensaml-messaging-api:5.1.6,gav://org.opensaml:opensaml-messaging-api,5.1.6,Apache-2.0
org.opensaml:opensaml-profile-api,Apache-2.0,http://licenses.nuget.org/Apache-2.0,maven,org.opensaml:opensaml-profile-api:5.1.6,gav://org.opensaml:opensaml-profile-api,5.1.6,Apache-2.0
org.opensaml:opensaml-saml-api,Apache-2.0,http://licenses.nuget.org/Apache-2.0,maven,org.opensaml:opensaml-saml-api:5.1.6,gav://org.opensaml:opensaml-saml-api,5.1.6,Apache-2.0
org.opensaml:opensaml-saml-impl,Apache-2.0,http://licenses.nuget.org/Apache-2.0,maven,org.opensaml:opensaml-saml-impl:5.1.6,gav://org.opensaml:opensaml-saml-impl,5.1.6,Apache-2.0
org.opensaml:opensaml-security-api,Apache-2.0,http://licenses.nuget.org/Apache-2.0,maven,org.opensaml:opensaml-security-api:5.1.6,gav://org.opensaml:opensaml-security-api,5.1.6,Apache-2.0
org.opensaml:opensaml-security-impl,Apache-2.0,http://licenses.nuget.org/Apache-2.0,maven,org.opensaml:opensaml-security-impl:5.1.6,gav://org.opensaml:opensaml-security-impl,5.1.6,Apache-2.0
org.opensaml:opensaml-soap-api,Apache-2.0,http://licenses.nuget.org/Apache-2.0,maven,org.opensaml:opensaml-soap-api:5.1.6,gav://org.opensaml:opensaml-soap-api,5.1.6,Apache-2.0
org.opensaml:opensaml-soap-impl,Apache-2.0,http://licenses.nuget.org/Apache-2.0,maven,org.opensaml:opensaml-soap-impl:5.1.6,gav://org.opensaml:opensaml-soap-impl,5.1.6,Apache-2.0
org.opensaml:opensaml-storage-api,Apache-2.0,http://licenses.nuget.org/Apache-2.0,maven,org.opensaml:opensaml-storage-api:5.1.6,gav://org.opensaml:opensaml-storage-api,5.1.6,Apache-2.0
org.opensaml:opensaml-xacml-api,Apache-2.0,http://licenses.nuget.org/Apache-2.0,maven,org.opensaml:opensaml-xacml-api:4.3.2,gav://org.opensaml:opensaml-xacml-api,4.3.2,Apache-2.0
org.opensaml:opensaml-xacml-impl,Apache-2.0,http://licenses.nuget.org/Apache-2.0,maven,org.opensaml:opensaml-xacml-impl:4.3.2,gav://org.opensaml:opensaml-xacml-impl,4.3.2,Apache-2.0
org.opensaml:opensaml-xacml-saml-api,Apache-2.0,http://licenses.nuget.org/Apache-2.0,maven,org.opensaml:opensaml-xacml-saml-api:4.3.2,gav://org.opensaml:opensaml-xacml-saml-api,4.3.2,Apache-2.0
org.opensaml:opensaml-xacml-saml-impl,Apache-2.0,http://licenses.nuget.org/Apache-2.0,maven,org.opensaml:opensaml-xacml-saml-impl:4.3.2,gav://org.opensaml:opensaml-xacml-saml-impl,4.3.2,Apache-2.0
org.opensaml:opensaml-xmlsec-api,Apache-2.0,http://licenses.nuget.org/Apache-2.0,maven,org.opensaml:opensaml-xmlsec-api:5.1.6,gav://org.opensaml:opensaml-xmlsec-api,5.1.6,Apache-2.0
org.opensaml:opensaml-xmlsec-impl,Apache-2.0,http://licenses.nuget.org/Apache-2.0,maven,org.opensaml:opensaml-xmlsec-impl:5.1.6,gav://org.opensaml:opensaml-xmlsec-impl,5.1.6,Apache-2.0
org.postgresql:postgresql,"BSD-2-Clause,PostgreSQL","http://opensource.org/licenses/BSD-2-Clause,http://www.postgresql.org/about/licence",maven,org.postgresql:postgresql:42.7.12,gav://org.postgresql:postgresql,42.7.12,"BSD-2-Clause,PostgreSQL"
org.slf4j:jcl-over-slf4j,"Apache-2.0,MIT","http://licenses.nuget.org/Apache-2.0,http://www.opensource.org/licenses/MIT",maven,org.slf4j:jcl-over-slf4j:2.0.18,gav://org.slf4j:jcl-over-slf4j,2.0.18,"Apache-2.0,MIT"
org.slf4j:jul-to-slf4j,MIT,http://www.opensource.org/licenses/MIT,maven,org.slf4j:jul-to-slf4j:2.0.18,gav://org.slf4j:jul-to-slf4j,2.0.18,MIT
org.slf4j:slf4j-api,MIT,http://www.opensource.org/licenses/MIT,maven,org.slf4j:slf4j-api:2.0.18,gav://org.slf4j:slf4j-api,2.0.18,MIT
org.springframework.boot:spring-boot,Apache-2.0,http://licenses.nuget.org/Apache-2.0,maven,org.springframework.boot:spring-boot:4.0.7,gav://org.springframework.boot:spring-boot,4.0.7,Apache-2.0
org.springframework.boot:spring-boot-actuator,Apache-2.0,http://licenses.nuget.org/Apache-2.0,maven,org.springframework.boot:spring-boot-actuator:4.0.7,gav://org.springframework.boot:spring-boot-actuator,4.0.7,Apache-2.0
org.springframework.boot:spring-boot-actuator-autoconfigure,Apache-2.0,http://licenses.nuget.org/Apache-2.0,maven,org.springframework.boot:spring-boot-actuator-autoconfigure:4.0.7,gav://org.springframework.boot:spring-boot-actuator-autoconfigure,4.0.7,Apache-2.0
org.springframework.boot:spring-boot-autoconfigure,Apache-2.0,http://licenses.nuget.org/Apache-2.0,maven,org.springframework.boot:spring-boot-autoconfigure:4.0.7,gav://org.springframework.boot:spring-boot-autoconfigure,4.0.7,Apache-2.0
org.springframework.boot:spring-boot-data-commons,Apache-2.0,http://licenses.nuget.org/Apache-2.0,maven,org.springframework.boot:spring-boot-data-commons:4.0.7,gav://org.springframework.boot:spring-boot-data-commons,4.0.7,Apache-2.0
org.springframework.boot:spring-boot-data-jpa,Apache-2.0,http://licenses.nuget.org/Apache-2.0,maven,org.springframework.boot:spring-boot-data-jpa:4.0.7,gav://org.springframework.boot:spring-boot-data-jpa,4.0.7,Apache-2.0
org.springframework.boot:spring-boot-data-ldap,Apache-2.0,http://licenses.nuget.org/Apache-2.0,maven,org.springframework.boot:spring-boot-data-ldap:4.0.7,gav://org.springframework.boot:spring-boot-data-ldap,4.0.7,Apache-2.0
org.springframework.boot:spring-boot-flyway,Apache-2.0,http://licenses.nuget.org/Apache-2.0,maven,org.springframework.boot:spring-boot-flyway:4.0.7,gav://org.springframework.boot:spring-boot-flyway,4.0.7,Apache-2.0
org.springframework.boot:spring-boot-health,Apache-2.0,http://licenses.nuget.org/Apache-2.0,maven,org.springframework.boot:spring-boot-health:4.0.7,gav://org.springframework.boot:spring-boot-health,4.0.7,Apache-2.0
org.springframework.boot:spring-boot-hibernate,Apache-2.0,http://licenses.nuget.org/Apache-2.0,maven,org.springframework.boot:spring-boot-hibernate:4.0.7,gav://org.springframework.boot:spring-boot-hibernate,4.0.7,Apache-2.0
org.springframework.boot:spring-boot-http-client,Apache-2.0,http://licenses.nuget.org/Apache-2.0,maven,org.springframework.boot:spring-boot-http-client:4.0.7,gav://org.springframework.boot:spring-boot-http-client,4.0.7,Apache-2.0
org.springframework.boot:spring-boot-http-converter,Apache-2.0,http://licenses.nuget.org/Apache-2.0,maven,org.springframework.boot:spring-boot-http-converter:4.0.7,gav://org.springframework.boot:spring-boot-http-converter,4.0.7,Apache-2.0
org.springframework.boot:spring-boot-jackson,Apache-2.0,http://licenses.nuget.org/Apache-2.0,maven,org.springframework.boot:spring-boot-jackson:4.0.7,gav://org.springframework.boot:spring-boot-jackson,4.0.7,Apache-2.0
org.springframework.boot:spring-boot-jdbc,Apache-2.0,http://licenses.nuget.org/Apache-2.0,maven,org.springframework.boot:spring-boot-jdbc:4.0.7,gav://org.springframework.boot:spring-boot-jdbc,4.0.7,Apache-2.0
org.springframework.boot:spring-boot-jpa,Apache-2.0,http://licenses.nuget.org/Apache-2.0,maven,org.springframework.boot:spring-boot-jpa:4.0.7,gav://org.springframework.boot:spring-boot-jpa,4.0.7,Apache-2.0
org.springframework.boot:spring-boot-ldap,Apache-2.0,http://licenses.nuget.org/Apache-2.0,maven,org.springframework.boot:spring-boot-ldap:4.0.7,gav://org.springframework.boot:spring-boot-ldap,4.0.7,Apache-2.0
org.springframework.boot:spring-boot-micrometer-metrics,Apache-2.0,http://licenses.nuget.org/Apache-2.0,maven,org.springframework.boot:spring-boot-micrometer-metrics:4.0.7,gav://org.springframework.boot:spring-boot-micrometer-metrics,4.0.7,Apache-2.0
org.springframework.boot:spring-boot-micrometer-observation,Apache-2.0,http://licenses.nuget.org/Apache-2.0,maven,org.springframework.boot:spring-boot-micrometer-observation:4.0.7,gav://org.springframework.boot:spring-boot-micrometer-observation,4.0.7,Apache-2.0
org.springframework.boot:spring-boot-persistence,Apache-2.0,http://licenses.nuget.org/Apache-2.0,maven,org.springframework.boot:spring-boot-persistence:4.0.7,gav://org.springframework.boot:spring-boot-persistence,4.0.7,Apache-2.0
org.springframework.boot:spring-boot-restclient,Apache-2.0,http://licenses.nuget.org/Apache-2.0,maven,org.springframework.boot:spring-boot-restclient:4.0.7,gav://org.springframework.boot:spring-boot-restclient,4.0.7,Apache-2.0
org.springframework.boot:spring-boot-security,Apache-2.0,http://licenses.nuget.org/Apache-2.0,maven,org.springframework.boot:spring-boot-security:4.0.7,gav://org.springframework.boot:spring-boot-security,4.0.7,Apache-2.0
org.springframework.boot:spring-boot-security-oauth2-authorization-server,Apache-2.0,http://licenses.nuget.org/Apache-2.0,maven,org.springframework.boot:spring-boot-security-oauth2-authorization-server:4.0.7,gav://org.springframework.boot:spring-boot-security-oauth2-authorization-server,4.0.7,Apache-2.0
org.springframework.boot:spring-boot-servlet,Apache-2.0,http://licenses.nuget.org/Apache-2.0,maven,org.springframework.boot:spring-boot-servlet:4.0.7,gav://org.springframework.boot:spring-boot-servlet,4.0.7,Apache-2.0
org.springframework.boot:spring-boot-sql,Apache-2.0,http://licenses.nuget.org/Apache-2.0,maven,org.springframework.boot:spring-boot-sql:4.0.7,gav://org.springframework.boot:spring-boot-sql,4.0.7,Apache-2.0
org.springframework.boot:spring-boot-starter,Apache-2.0,http://licenses.nuget.org/Apache-2.0,maven,org.springframework.boot:spring-boot-starter:4.0.7,gav://org.springframework.boot:spring-boot-starter,4.0.7,Apache-2.0
org.springframework.boot:spring-boot-starter-actuator,Apache-2.0,http://licenses.nuget.org/Apache-2.0,maven,org.springframework.boot:spring-boot-starter-actuator:4.0.7,gav://org.springframework.boot:spring-boot-starter-actuator,4.0.7,Apache-2.0
org.springframework.boot:spring-boot-starter-data-jpa,Apache-2.0,http://licenses.nuget.org/Apache-2.0,maven,org.springframework.boot:spring-boot-starter-data-jpa:4.0.7,gav://org.springframework.boot:spring-boot-starter-data-jpa,4.0.7,Apache-2.0
org.springframework.boot:spring-boot-starter-data-ldap,Apache-2.0,http://licenses.nuget.org/Apache-2.0,maven,org.springframework.boot:spring-boot-starter-data-ldap:4.0.7,gav://org.springframework.boot:spring-boot-starter-data-ldap,4.0.7,Apache-2.0
org.springframework.boot:spring-boot-starter-flyway,Apache-2.0,http://licenses.nuget.org/Apache-2.0,maven,org.springframework.boot:spring-boot-starter-flyway:4.0.7,gav://org.springframework.boot:spring-boot-starter-flyway,4.0.7,Apache-2.0
org.springframework.boot:spring-boot-starter-jackson,Apache-2.0,http://licenses.nuget.org/Apache-2.0,maven,org.springframework.boot:spring-boot-starter-jackson:4.0.7,gav://org.springframework.boot:spring-boot-starter-jackson,4.0.7,Apache-2.0
org.springframework.boot:spring-boot-starter-jdbc,Apache-2.0,http://licenses.nuget.org/Apache-2.0,maven,org.springframework.boot:spring-boot-starter-jdbc:4.0.7,gav://org.springframework.boot:spring-boot-starter-jdbc,4.0.7,Apache-2.0
org.springframework.boot:spring-boot-starter-logging,Apache-2.0,http://licenses.nuget.org/Apache-2.0,maven,org.springframework.boot:spring-boot-starter-logging:4.0.7,gav://org.springframework.boot:spring-boot-starter-logging,4.0.7,Apache-2.0
org.springframework.boot:spring-boot-starter-micrometer-metrics,Apache-2.0,http://licenses.nuget.org/Apache-2.0,maven,org.springframework.boot:spring-boot-starter-micrometer-metrics:4.0.7,gav://org.springframework.boot:spring-boot-starter-micrometer-metrics,4.0.7,Apache-2.0
org.springframework.boot:spring-boot-starter-oauth2-authorization-server,Apache-2.0,http://licenses.nuget.org/Apache-2.0,maven,org.springframework.boot:spring-boot-starter-oauth2-authorization-server:4.0.7,gav://org.springframework.boot:spring-boot-starter-oauth2-authorization-server,4.0.7,Apache-2.0
org.springframework.boot:spring-boot-starter-security,Apache-2.0,http://licenses.nuget.org/Apache-2.0,maven,org.springframework.boot:spring-boot-starter-security:4.0.7,gav://org.springframework.boot:spring-boot-starter-security,4.0.7,Apache-2.0
org.springframework.boot:spring-boot-starter-tomcat,Apache-2.0,http://licenses.nuget.org/Apache-2.0,maven,org.springframework.boot:spring-boot-starter-tomcat:4.0.7,gav://org.springframework.boot:spring-boot-starter-tomcat,4.0.7,Apache-2.0
org.springframework.boot:spring-boot-starter-tomcat-runtime,Apache-2.0,http://licenses.nuget.org/Apache-2.0,maven,org.springframework.boot:spring-boot-starter-tomcat-runtime:4.0.7,gav://org.springframework.boot:spring-boot-starter-tomcat-runtime,4.0.7,Apache-2.0
org.springframework.boot:spring-boot-starter-web,Apache-2.0,http://licenses.nuget.org/Apache-2.0,maven,org.springframework.boot:spring-boot-starter-web:4.0.7,gav://org.springframework.boot:spring-boot-starter-web,4.0.7,Apache-2.0
org.springframework.boot:spring-boot-starter-web-services,Apache-2.0,http://licenses.nuget.org/Apache-2.0,maven,org.springframework.boot:spring-boot-starter-web-services:4.0.7,gav://org.springframework.boot:spring-boot-starter-web-services,4.0.7,Apache-2.0
org.springframework.boot:spring-boot-starter-webmvc,Apache-2.0,http://licenses.nuget.org/Apache-2.0,maven,org.springframework.boot:spring-boot-starter-webmvc:4.0.7,gav://org.springframework.boot:spring-boot-starter-webmvc,4.0.7,Apache-2.0
org.springframework.boot:spring-boot-tomcat,Apache-2.0,http://licenses.nuget.org/Apache-2.0,maven,org.springframework.boot:spring-boot-tomcat:4.0.7,gav://org.springframework.boot:spring-boot-tomcat,4.0.7,Apache-2.0
org.springframework.boot:spring-boot-transaction,Apache-2.0,http://licenses.nuget.org/Apache-2.0,maven,org.springframework.boot:spring-boot-transaction:4.0.7,gav://org.springframework.boot:spring-boot-transaction,4.0.7,Apache-2.0
org.springframework.boot:spring-boot-web-server,Apache-2.0,http://licenses.nuget.org/Apache-2.0,maven,org.springframework.boot:spring-boot-web-server:4.0.7,gav://org.springframework.boot:spring-boot-web-server,4.0.7,Apache-2.0
org.springframework.boot:spring-boot-webmvc,Apache-2.0,http://licenses.nuget.org/Apache-2.0,maven,org.springframework.boot:spring-boot-webmvc:4.0.7,gav://org.springframework.boot:spring-boot-webmvc,4.0.7,Apache-2.0
org.springframework.boot:spring-boot-webservices,Apache-2.0,http://licenses.nuget.org/Apache-2.0,maven,org.springframework.boot:spring-boot-webservices:4.0.7,gav://org.springframework.boot:spring-boot-webservices,4.0.7,Apache-2.0
org.springframework.cloud:spring-cloud-commons,Apache-2.0,http://licenses.nuget.org/Apache-2.0,maven,org.springframework.cloud:spring-cloud-commons:5.0.1,gav://org.springframework.cloud:spring-cloud-commons,5.0.1,Apache-2.0
org.springframework.cloud:spring-cloud-config-client,Apache-2.0,http://licenses.nuget.org/Apache-2.0,maven,org.springframework.cloud:spring-cloud-config-client:5.0.1,gav://org.springframework.cloud:spring-cloud-config-client,5.0.1,Apache-2.0
org.springframework.cloud:spring-cloud-context,Apache-2.0,http://licenses.nuget.org/Apache-2.0,maven,org.springframework.cloud:spring-cloud-context:5.0.1,gav://org.springframework.cloud:spring-cloud-context,5.0.1,Apache-2.0
org.springframework.cloud:spring-cloud-starter,Apache-2.0,http://licenses.nuget.org/Apache-2.0,maven,org.springframework.cloud:spring-cloud-starter:5.0.1,gav://org.springframework.cloud:spring-cloud-starter,5.0.1,Apache-2.0
org.springframework.data:spring-data-commons,Apache-2.0,http://licenses.nuget.org/Apache-2.0,maven,org.springframework.data:spring-data-commons:4.0.6,gav://org.springframework.data:spring-data-commons,4.0.6,Apache-2.0
org.springframework.data:spring-data-jpa,Apache-2.0,http://licenses.nuget.org/Apache-2.0,maven,org.springframework.data:spring-data-jpa:4.0.6,gav://org.springframework.data:spring-data-jpa,4.0.6,Apache-2.0
org.springframework.data:spring-data-ldap,Apache-2.0,http://licenses.nuget.org/Apache-2.0,maven,org.springframework.data:spring-data-ldap:4.0.6,gav://org.springframework.data:spring-data-ldap,4.0.6,Apache-2.0
org.springframework.ldap:spring-ldap-core,Apache-2.0,http://licenses.nuget.org/Apache-2.0,maven,org.springframework.ldap:spring-ldap-core:4.0.4,gav://org.springframework.ldap:spring-ldap-core,4.0.4,Apache-2.0
org.springframework.security:spring-security-config,Apache-2.0,http://licenses.nuget.org/Apache-2.0,maven,org.springframework.security:spring-security-config:7.0.6,gav://org.springframework.security:spring-security-config,7.0.6,Apache-2.0
org.springframework.security:spring-security-core,Apache-2.0,http://licenses.nuget.org/Apache-2.0,maven,org.springframework.security:spring-security-core:7.0.6,gav://org.springframework.security:spring-security-core,7.0.6,Apache-2.0
org.springframework.security:spring-security-crypto,Apache-2.0,http://licenses.nuget.org/Apache-2.0,maven,org.springframework.security:spring-security-crypto:7.0.6,gav://org.springframework.security:spring-security-crypto,7.0.6,Apache-2.0
org.springframework.security:spring-security-oauth2-authorization-server,Apache-2.0,http://licenses.nuget.org/Apache-2.0,maven,org.springframework.security:spring-security-oauth2-authorization-server:7.0.6,gav://org.springframework.security:spring-security-oauth2-authorization-server,7.0.6,Apache-2.0
org.springframework.security:spring-security-oauth2-core,Apache-2.0,http://licenses.nuget.org/Apache-2.0,maven,org.springframework.security:spring-security-oauth2-core:7.0.6,gav://org.springframework.security:spring-security-oauth2-core,7.0.6,Apache-2.0
org.springframework.security:spring-security-oauth2-jose,Apache-2.0,http://licenses.nuget.org/Apache-2.0,maven,org.springframework.security:spring-security-oauth2-jose:7.0.6,gav://org.springframework.security:spring-security-oauth2-jose,7.0.6,Apache-2.0
org.springframework.security:spring-security-oauth2-resource-server,Apache-2.0,http://licenses.nuget.org/Apache-2.0,maven,org.springframework.security:spring-security-oauth2-resource-server:7.0.6,gav://org.springframework.security:spring-security-oauth2-resource-server,7.0.6,Apache-2.0
org.springframework.security:spring-security-saml2-service-provider,Apache-2.0,http://licenses.nuget.org/Apache-2.0,maven,org.springframework.security:spring-security-saml2-service-provider:7.0.5,gav://org.springframework.security:spring-security-saml2-service-provider,7.0.5,Apache-2.0
org.springframework.security:spring-security-web,Apache-2.0,http://licenses.nuget.org/Apache-2.0,maven,org.springframework.security:spring-security-web:7.0.6,gav://org.springframework.security:spring-security-web,7.0.6,Apache-2.0
org.springframework.ws:spring-ws-core,Apache-2.0,http://licenses.nuget.org/Apache-2.0,maven,org.springframework.ws:spring-ws-core:5.0.2,gav://org.springframework.ws:spring-ws-core,5.0.2,Apache-2.0
org.springframework.ws:spring-ws-security,Apache-2.0,http://licenses.nuget.org/Apache-2.0,maven,org.springframework.ws:spring-ws-security:5.0.2,gav://org.springframework.ws:spring-ws-security,5.0.2,Apache-2.0
org.springframework.ws:spring-xml,Apache-2.0,http://licenses.nuget.org/Apache-2.0,maven,org.springframework.ws:spring-xml:5.0.2,gav://org.springframework.ws:spring-xml,5.0.2,Apache-2.0
org.springframework:spring-aop,Apache-2.0,http://licenses.nuget.org/Apache-2.0,maven,org.springframework:spring-aop:7.0.8,gav://org.springframework:spring-aop,7.0.8,Apache-2.0
org.springframework:spring-aspects,Apache-2.0,http://licenses.nuget.org/Apache-2.0,maven,org.springframework:spring-aspects:7.0.8,gav://org.springframework:spring-aspects,7.0.8,Apache-2.0
org.springframework:spring-beans,Apache-2.0,http://licenses.nuget.org/Apache-2.0,maven,org.springframework:spring-beans:7.0.8,gav://org.springframework:spring-beans,7.0.8,Apache-2.0
org.springframework:spring-context,Apache-2.0,http://licenses.nuget.org/Apache-2.0,maven,org.springframework:spring-context:7.0.8,gav://org.springframework:spring-context,7.0.8,Apache-2.0
org.springframework:spring-core,Apache-2.0,http://licenses.nuget.org/Apache-2.0,maven,org.springframework:spring-core:7.0.8,gav://org.springframework:spring-core,7.0.8,Apache-2.0
org.springframework:spring-expression,Apache-2.0,http://licenses.nuget.org/Apache-2.0,maven,org.springframework:spring-expression:7.0.8,gav://org.springframework:spring-expression,7.0.8,Apache-2.0
org.springframework:spring-jdbc,Apache-2.0,http://licenses.nuget.org/Apache-2.0,maven,org.springframework:spring-jdbc:7.0.8,gav://org.springframework:spring-jdbc,7.0.8,Apache-2.0
org.springframework:spring-orm,Apache-2.0,http://licenses.nuget.org/Apache-2.0,maven,org.springframework:spring-orm:7.0.8,gav://org.springframework:spring-orm,7.0.8,Apache-2.0
org.springframework:spring-oxm,Apache-2.0,http://licenses.nuget.org/Apache-2.0,maven,org.springframework:spring-oxm:7.0.8,gav://org.springframework:spring-oxm,7.0.8,Apache-2.0
org.springframework:spring-tx,Apache-2.0,http://licenses.nuget.org/Apache-2.0,maven,org.springframework:spring-tx:7.0.8,gav://org.springframework:spring-tx,7.0.8,Apache-2.0
org.springframework:spring-web,Apache-2.0,http://licenses.nuget.org/Apache-2.0,maven,org.springframework:spring-web:7.0.8,gav://org.springframework:spring-web,7.0.8,Apache-2.0
org.springframework:spring-webmvc,Apache-2.0,http://licenses.nuget.org/Apache-2.0,maven,org.springframework:spring-webmvc:7.0.8,gav://org.springframework:spring-webmvc,7.0.8,Apache-2.0
org.terracotta:fast-restartable-store,Apache-2.0,http://licenses.nuget.org/Apache-2.0,maven,org.terracotta:fast-restartable-store:1.6.11,gav://org.terracotta:fast-restartable-store,1.6.11,Apache-2.0
org.terracotta:offheap-store,Apache-2.0,http://licenses.nuget.org/Apache-2.0,maven,org.terracotta:offheap-store:2.5.6,gav://org.terracotta:offheap-store,2.5.6,Apache-2.0
org.terracotta:statistics,Apache-2.0,http://licenses.nuget.org/Apache-2.0,maven,org.terracotta:statistics:2.1.3,gav://org.terracotta:statistics,2.1.3,Apache-2.0
org.terracotta:terracotta-utilities-tools,Apache-2.0,http://licenses.nuget.org/Apache-2.0,maven,org.terracotta:terracotta-utilities-tools:0.0.19,gav://org.terracotta:terracotta-utilities-tools,0.0.19,Apache-2.0
org.yaml:snakeyaml,Apache-2.0,http://licenses.nuget.org/Apache-2.0,maven,org.yaml:snakeyaml:2.5,gav://org.yaml:snakeyaml,2.5,Apache-2.0
sizeof-agent.jar,Unknown,,generic,sizeof-agent.jar,generic://sha256:c7377b7197f14f44cd987535fc3439b5c175e0fdeea434a05bb9be6dc761ae13/sizeof-agent.jar,,Unknown
spring-boot-actuator-4.0.7.jar,Apache-2.0,http://licenses.nuget.org/Apache-2.0,generic,spring-boot-actuator-4.0.7.jar,generic://sha256:edfedbcc5d33c8b0a8d0156dcc8cbf6234a33dc861001c7ec8ef63af19197b7e/spring-boot-actuator-4.0.7.jar,,Apache-2.0
spring-boot-actuator-autoconfigure-4.0.7.jar,Apache-2.0,http://licenses.nuget.org/Apache-2.0,generic,spring-boot-actuator-autoconfigure-4.0.7.jar,generic://sha256:59b188a313fda88bbe6cba613dd13aa00d1cc49135b11120ae5d451f72d49c00/spring-boot-actuator-autoconfigure-4.0.7.jar,,Apache-2.0
spring-boot-health-4.0.7.jar,Apache-2.0,http://licenses.nuget.org/Apache-2.0,generic,spring-boot-health-4.0.7.jar,generic://sha256:e1c81e0e8d89ba7d25a3522d52159a4bcfa9bf7ee4e0d53cef61244e75a244bb/spring-boot-health-4.0.7.jar,,Apache-2.0
spring-boot-http-client-4.0.7.jar,Apache-2.0,http://licenses.nuget.org/Apache-2.0,generic,spring-boot-http-client-4.0.7.jar,generic://sha256:7881d09b33f278b39fd1018d0cb7d91b73b72406d2350351166511b1c3a76c6b/spring-boot-http-client-4.0.7.jar,,Apache-2.0
spring-boot-http-converter-4.0.7.jar,Apache-2.0,http://licenses.nuget.org/Apache-2.0,generic,spring-boot-http-converter-4.0.7.jar,generic://sha256:9f620c36cb98103ef664a9fccad4173ae20120d1abc790b795130be4e02dbb90/spring-boot-http-converter-4.0.7.jar,,Apache-2.0
spring-boot-jackson-4.0.7.jar,Apache-2.0,http://licenses.nuget.org/Apache-2.0,generic,spring-boot-jackson-4.0.7.jar,generic://sha256:0cdbadd10bcc3b23d32dffd419caceda4a4ed6b3da0262617f543732e9105ece/spring-boot-jackson-4.0.7.jar,,Apache-2.0
spring-boot-jdbc-4.0.7.jar,Apache-2.0,http://licenses.nuget.org/Apache-2.0,generic,spring-boot-jdbc-4.0.7.jar,generic://sha256:04e735255101e6e12de9a432f893079287f0fa3ea6642b41221f424ebd9d9719/spring-boot-jdbc-4.0.7.jar,,Apache-2.0
spring-boot-micrometer-metrics-4.0.7.jar,Apache-2.0,http://licenses.nuget.org/Apache-2.0,generic,spring-boot-micrometer-metrics-4.0.7.jar,generic://sha256:1cd20b112104d244fdc96b44b3a8193e0916686a819a6be93127c1c7eefc1c9d/spring-boot-micrometer-metrics-4.0.7.jar,,Apache-2.0
spring-boot-micrometer-observation-4.0.7.jar,Apache-2.0,http://licenses.nuget.org/Apache-2.0,generic,spring-boot-micrometer-observation-4.0.7.jar,generic://sha256:aced85ab6f7a2a8b15d8bd52c2b75dfe47c9890dc08d39e24b2e7b78f79b6ac2/spring-boot-micrometer-observation-4.0.7.jar,,Apache-2.0
spring-boot-persistence-4.0.7.jar,Apache-2.0,http://licenses.nuget.org/Apache-2.0,generic,spring-boot-persistence-4.0.7.jar,generic://sha256:201cd088c5fddbcff7ece343f42eee0cabbab64083d339f35e5eb4edbcdbd4bb/spring-boot-persistence-4.0.7.jar,,Apache-2.0
spring-boot-restclient-4.0.7.jar,Apache-2.0,http://licenses.nuget.org/Apache-2.0,generic,spring-boot-restclient-4.0.7.jar,generic://sha256:4438e7cbe09fe2d1aa40da4112cbc2a7f0067046dbfd153e79122be6e143c82a/spring-boot-restclient-4.0.7.jar,,Apache-2.0
spring-boot-security-4.0.7.jar,Apache-2.0,http://licenses.nuget.org/Apache-2.0,generic,spring-boot-security-4.0.7.jar,generic://sha256:fef4d4952d7c4f86112d4a27cb98cf1d71001373f9d8f88fbf0af9d908fdaa3c/spring-boot-security-4.0.7.jar,,Apache-2.0
spring-boot-servlet-4.0.7.jar,Apache-2.0,http://licenses.nuget.org/Apache-2.0,generic,spring-boot-servlet-4.0.7.jar,generic://sha256:fb1af769617daa2808a82921d98ca94efde8cb20fcefc55e71b2e0bf93de1423/spring-boot-servlet-4.0.7.jar,,Apache-2.0
spring-boot-sql-4.0.7.jar,Apache-2.0,http://licenses.nuget.org/Apache-2.0,generic,spring-boot-sql-4.0.7.jar,generic://sha256:10b0ade8970b3c2559c508015dc8aa463c269d1b554757f801b10f037704ac34/spring-boot-sql-4.0.7.jar,,Apache-2.0
spring-boot-tomcat-4.0.7.jar,Apache-2.0,http://licenses.nuget.org/Apache-2.0,generic,spring-boot-tomcat-4.0.7.jar,generic://sha256:ad7c6527319f5cac0b5638a28820847f64d21282147fb98daaaa1f515ee17323/spring-boot-tomcat-4.0.7.jar,,Apache-2.0
spring-boot-transaction-4.0.7.jar,Apache-2.0,http://licenses.nuget.org/Apache-2.0,generic,spring-boot-transaction-4.0.7.jar,generic://sha256:7d8e7af5f30309e3e687e02d9d6203fa75bf9d781be95dde75c0342d2e7b97c6/spring-boot-transaction-4.0.7.jar,,Apache-2.0
spring-boot-web-server-4.0.7.jar,Apache-2.0,http://licenses.nuget.org/Apache-2.0,generic,spring-boot-web-server-4.0.7.jar,generic://sha256:26a13c73ee85e7a851b73eb2d683ed4d3b7a4ca581b608dfd627bd4551997cf2/spring-boot-web-server-4.0.7.jar,,Apache-2.0
spring-boot-webmvc-4.0.7.jar,Apache-2.0,http://licenses.nuget.org/Apache-2.0,generic,spring-boot-webmvc-4.0.7.jar,generic://sha256:95250948bda9a0a1e1f2ad3f413bd23e36dfedefb89fe59d309d447c6c4c5010/spring-boot-webmvc-4.0.7.jar,,Apache-2.0
spring-security-oauth2-jose-7.0.6.jar,Apache-2.0,http://licenses.nuget.org/Apache-2.0,generic,spring-security-oauth2-jose-7.0.6.jar,generic://sha256:c8cd9a8aefc42a02e34166ff02f3f7def2f6028f555932f04f163dea729bdff9/spring-security-oauth2-jose-7.0.6.jar,,Apache-2.0
tools.jackson.core:jackson-core,Apache-2.0,http://licenses.nuget.org/Apache-2.0,maven,tools.jackson.core:jackson-core:3.1.4,gav://tools.jackson.core:jackson-core,3.1.4,Apache-2.0
tools.jackson.core:jackson-databind,Apache-2.0,http://licenses.nuget.org/Apache-2.0,maven,tools.jackson.core:jackson-databind:3.1.4,gav://tools.jackson.core:jackson-databind,3.1.4,Apache-2.0
trustbroker-api-1.15.0.20260817T100022Z.jar,Unknown,,generic,trustbroker-api-1.15.0.20260817T100022Z.jar,generic://sha256:3430bc7c5b32fb777e0b5b4d9ef9ca927f2c4532ef18d2993b9b39d9bf1a4200/trustbroker-api-1.15.0.20260817T100022Z.jar,,Unknown
trustbroker-common-1.15.0.20260817T100022Z.jar,"AGPL-3.0,Apache-2.0,BSD-3-Clause","http://www.gnu.org/licenses/agpl.txt,http://licenses.nuget.org/Apache-2.0,http://opensource.org/licenses/BSD-3-Clause",generic,trustbroker-common-1.15.0.20260817T100022Z.jar,generic://sha256:58601146e2d7fc9d6d676aa86379e48f55d9d59a84aca8e94df676ed066e6a53/trustbroker-common-1.15.0.20260817T100022Z.jar,,"Apache-2.0,BSD-3-Clause"
trustbroker-service-1.15.0.20260817T100022Z.jar,"AGPL-3.0,Apache-2.0","http://www.gnu.org/licenses/agpl.txt,http://licenses.nuget.org/Apache-2.0",generic,trustbroker-service-1.15.0.20260817T100022Z.jar,generic://sha256:78890464c2339b059bd57630ef059b260880d891237df7f8653cf6a8a1f8fb72/trustbroker-service-1.15.0.20260817T100022Z.jar,,Apache-2.0
trustbroker-store-ldap-1.15.0.20260817T100022Z.jar,Unknown,,generic,trustbroker-store-ldap-1.15.0.20260817T100022Z.jar,generic://sha256:ee074cfd57230ab2612fdb284320997e07ab02b72264636576a93654622e94f5/trustbroker-store-ldap-1.15.0.20260817T100022Z.jar,,Unknown
trustbroker-swiss/trustbroker-application,Unknown,,docker,trustbroker-swiss/trustbroker-application:1.15.0.20260817T100022Z,docker://trustbroker-swiss/trustbroker-application,1.15.0.20260817T100022Z,Unknown
trustbroker-wstrust-service-1.15.0.20260817T100022Z.jar,Unknown,,generic,trustbroker-wstrust-service-1.15.0.20260817T100022Z.jar,generic://sha256:e1915d6eb9502610da253d022af0ee2ec1aabbac134289371d557416b7cc103c/trustbroker-wstrust-service-1.15.0.20260817T100022Z.jar,,Unknown
